timestamp,meter_id,pulse_count,energy_kWh,power_W,cost_Rs
2026-10-01 17:46:05,M001,0,0.000000,0.000000,0.000000
2026-10-01 17:46:10,M001,100,0.062500,44978.586424,0.937500
2026-10-01 17:51:21,M001,5,0.003125,2249.938461,0.046875
2026-10-01 17:51:26,M001,5,0.003125,2248.521540,0.046875
2026-10-01 17:51:31,M001,5,0.003125,2248.967044,0.046875
2026-10-01 18:06:25,M001,5,0.003125,2249.932708,0.046875
2026-10-01 18:06:30,M001,5,0.003125,2248.917896,0.046875
2026-10-01 18:08:51,M001,0,0.000000,0.000000,0.000000
2026-10-01 18:09:59,M001,0,0.000000,0.000000,0.000000
2026-10-01 18:10:44,M001,0,0.000000,0.000000,0.000000
2026-10-01 18:10:49,M001,0,0.000000,0.000000,0.000000
2026-10-01 18:11:38,M001,0,0.000000,0.000000,0.000000
2026-10-01 18:11:43,M001,100,0.062500,44925.703381,0.937500
2026-10-01 18:18:55,M001,0,0.000000,0.000000,0.000000
2026-10-01 18:19:00,M001,0,0.000000,0.000000,0.000000
2026-10-01 18:22:08,M001,0,0.000000,0.000000,0.000000
2026-10-01 18:22:47,M002,0,0.000000,0.000000,0.000000
2026-10-01 18:43:53,M002,0,0.000000,0.000000,0.000000
2026-10-01 18:44:03,M002,0,0.000000,0.000000,0.000000
2026-10-01 18:46:28,M002,24,0.015000,5399.900081,0.225000
2026-10-01 18:46:38,M002,27,0.016875,6071.583925,0.253125
2026-10-01 20:01:25,M001,10,0.006250,2249.969012,0.093750
2026-10-01 20:01:35,M001,10,0.006250,2249.490554,0.093750
2026-10-01 20:01:45,M001,10,0.006250,2249.450370,0.093750
2026-10-01 20:01:55,M001,10,0.006250,2248.561103,0.093750
2026-10-01 20:02:05,M001,10,0.006250,2249.355521,0.093750
2026-10-01 20:02:15,M001,10,0.006250,2249.378187,0.093750
2026-10-01 20:02:25,M001,10,0.006250,2249.441335,0.093750
2026-10-01 20:02:35,M001,10,0.006250,2248.787454,0.093750
2026-10-01 20:02:45,M001,10,0.006250,2242.388046,0.093750
2026-10-01 20:02:55,M001,10,0.006250,2249.390175,0.093750
2026-10-01 20:03:05,M001,10,0.006250,2249.464764,0.093750
2026-10-01 20:03:15,M001,10,0.006250,2248.765099,0.093750
2026-10-01 20:03:25,M001,10,0.006250,2248.847898,0.093750
2026-10-01 20:03:35,M001,10,0.006250,2249.261870,0.093750
2026-10-01 20:03:45,M001,10,0.006250,2249.507075,0.093750
2026-10-01 20:03:55,M001,10,0.006250,2249.218415,0.093750
2026-10-01 20:04:05,M001,10,0.006250,2249.282893,0.093750
2026-10-01 20:04:15,M001,10,0.006250,2249.377173,0.093750
2026-10-01 20:04:25,M001,10,0.006250,2249.298210,0.093750
2026-10-01 20:04:35,M001,10,0.006250,2249.266261,0.093750
2026-10-01 20:04:45,M001,10,0.006250,2249.525293,0.093750
2026-10-01 20:04:55,M001,10,0.006250,2249.518312,0.093750
2026-10-01 20:05:05,M001,10,0.006250,2249.465493,0.093750
2026-10-01 20:05:15,M001,10,0.006250,2248.861360,0.093750
2026-10-01 20:05:25,M001,10,0.006250,2249.378479,0.093750
2026-10-01 20:05:35,M001,10,0.006250,2249.074925,0.093750
2026-10-01 20:05:45,M001,10,0.006250,2249.205388,0.093750
2026-10-01 20:05:55,M001,10,0.006250,2249.442032,0.093750
2026-10-01 20:06:05,M001,10,0.006250,2249.490065,0.093750
2026-10-01 20:06:15,M001,10,0.006250,2249.410711,0.093750
2026-10-01 20:06:25,M001,10,0.006250,2249.007952,0.093750
2026-10-01 20:06:35,M001,10,0.006250,2249.410630,0.093750
2026-10-01 20:06:45,M001,10,0.006250,2249.485007,0.093750
2026-10-01 20:06:55,M001,10,0.006250,2248.182280,0.093750
2026-10-01 20:07:05,M001,10,0.006250,2249.324904,0.093750
2026-10-01 20:07:15,M001,10,0.006250,2248.666974,0.093750
2026-10-01 20:07:25,M001,10,0.006250,2249.009911,0.093750
2026-10-01 20:07:35,M001,10,0.006250,2247.956726,0.093750
2026-10-01 20:07:45,M001,10,0.006250,2248.623510,0.093750
2026-10-01 20:07:55,M001,10,0.006250,2249.589220,0.093750
2026-10-01 20:08:05,M001,10,0.006250,2249.421132,0.093750
2026-10-01 20:08:15,M001,10,0.006250,2249.471468,0.093750
2026-10-01 20:08:25,M001,10,0.006250,2249.298230,0.093750
2026-10-01 20:08:35,M001,10,0.006250,2248.890341,0.093750
2026-10-01 20:08:45,M001,10,0.006250,2249.341445,0.093750
2026-10-01 20:08:55,M001,10,0.006250,2249.484044,0.093750
2026-10-01 20:09:05,M001,10,0.006250,2249.493475,0.093750
2026-10-01 20:09:15,M001,10,0.006250,2249.400816,0.093750
2026-10-01 20:09:25,M001,10,0.006250,2249.352965,0.093750
2026-10-01 20:09:35,M001,10,0.006250,2249.350429,0.093750
2026-10-01 20:09:45,M001,10,0.006250,2249.346338,0.093750
2026-10-01 20:09:55,M001,10,0.006250,2248.318761,0.093750
2026-10-01 20:10:05,M001,10,0.006250,2249.106253,0.093750
2026-10-01 20:10:15,M001,10,0.006250,2249.282700,0.093750
2026-10-01 20:10:25,M001,10,0.006250,2249.231645,0.093750
2026-10-01 20:10:35,M001,10,0.006250,2249.306148,0.093750
2026-10-01 20:10:45,M001,10,0.006250,2249.175916,0.093750
